"Id";"Designator";"Footprint";"Quantity";"Designation";"Supplier and ref";
1;"U2-mp3player1";"MODULE_DFR0299";1;"DFR0299";;;
2;"J2-controls1";"TE_282834-8";1;"Screw_Terminal_01x08";;;
3;"J1-speaker1";"HANDSON_KF301-2P";1;"Screw_Terminal_01x02";;;
4;"R2";"R_Axial_DIN0207_L6.3mm_D2.5mm_P7.62mm_Horizontal";1;"1K";;;
5;"U1-microcontroller1";"XIAO-ESP32C6-SMD";1;"XIAO-ESP32-S6-SMD";;;
6;"R1";"R_Axial_DIN0207_L6.3mm_D2.5mm_P7.62mm_Horizontal";1;"470";;;
7;"M1-RFID1";"RFID-RC522";1;"RFID-RC522";;;
8;"BT1";"BAT_1043";1;"1043";;;
